start,end,Nombre,Tipo de oferta alimentaria,Tipo de localización,Registra la ubicación del punto,_Registra la ubicación del punto_latitude,_Registra la ubicación del punto_longitude,_Registra la ubicación del punto_altitude,_Registra la ubicación del punto_precision,Registra las coordenadas del lugar,Registra el área del lugar,_id,_uuid,_submission_time,_validation_status,_notes,_status,_submitted_by,_tags,_index
2022-06-03T16:04:58.479-05:00,2022-06-03T16:05:21.340-05:00,Pacha en Brasas,Restaurantes,Punto,-12.22878 -76.860667 69.06332969665527 35,-12.22878,-76.860667,69.0633297,35,,,160973644,1bd41368-16df-4d23-9da6-d49ac0fbaef5,2022-06-03T21:05:28,,,submitted_via_web,cortega27,,1
2022-06-03T16:05:21.401-05:00,2022-06-03T16:06:04.744-05:00,El búnker yuyero,Restaurantes,Punto,-12.228747 -76.860691 69.06782531738281 35,-12.228747,-76.860691,69.06782532,35,,,160973686,c47c9a34-53d1-4083-a812-e87b2232c5ec,2022-06-03T21:06:16,,,submitted_via_web,cortega27,,2
2022-06-03T16:06:04.779-05:00,2022-06-03T16:06:46.793-05:00,Frosty & Fruit,Otro,Punto,-12.228581 -76.860859 68.72584438323975 35,-12.228581,-76.860859,68.72584438,35,,,160973779,8c94f5b3-5c7a-49c7-8b1d-a11f9755f5cd,2022-06-03T21:06:57,,,submitted_via_web,cortega27,,3
2022-06-03T16:06:46.827-05:00,2022-06-03T16:09:53.547-05:00,Mercado San Martín,Mercados ,Línea,,,,,,-12.228851 -76.860504 59.23138542175293 48.00000000000001;-12.228851 -76.860504 47.413204193115234 134.392137958257,,160974812,cfd6cf3e-8a37-45fb-9ab9-43ff68c4b4ce,2022-06-03T21:17:32,,,submitted_via_web,cortega27,,4
2022-06-03T16:17:17.814-05:00,2022-06-03T16:19:15.298-05:00,SN,Bodegas,Punto,-12.228145 -76.861302 67.66339492797852 37,-12.228145,-76.861302,67.66339493,37,,,160977278,a3f66da4-524f-4437-bedf-d1691d0b756b,2022-06-03T21:54:51,,,submitted_via_web,cortega27,,5
2022-06-03T16:19:15.378-05:00,2022-06-03T16:21:12.199-05:00,Licoreria Ojitos,Bodegas,Punto,-12.228019 -76.861346 67.43566036224365 35,-12.228019,-76.861346,67.43566036,35,,,160977279,edea13b0-2d69-4372-91e7-a23f3d1f642a,2022-06-03T21:54:51,,,submitted_via_web,cortega27,,6
2022-06-03T16:21:12.254-05:00,2022-06-03T16:22:22.980-05:00,Bodega Borja,Bodegas,Punto,-12.228494 -76.861825 66.88492107391357 40,-12.228494,-76.861825,66.88492107,40,,,160977280,a34eaa33-2608-49f6-ab9c-3f99d99feb09,2022-06-03T21:54:52,,,submitted_via_web,cortega27,,7
2022-06-03T16:22:23.009-05:00,2022-06-03T16:22:49.371-05:00,Doña Marta,Restaurantes,Punto,-12.228915 -76.861645 52.787856101989746 51.82680900267151,-12.228915,-76.861645,52.7878561,51.826809,,,160977282,cb0d5e45-8ddf-489b-a9fc-aec3644da05a,2022-06-03T21:54:52,,,submitted_via_web,cortega27,,8
2022-06-03T16:22:49.419-05:00,2022-06-03T16:26:47.476-05:00,Panaderia Pastelería Pedrito,Panaderias,Punto,-12.227492 -76.860642 71.55206871032715 35,-12.227492,-76.860642,71.55206871,35,,,160977283,9cf0c4d0-3c87-447c-b187-988c2e7d1682,2022-06-03T21:54:52,,,submitted_via_web,cortega27,,9
2022-06-03T16:26:47.552-05:00,2022-06-03T16:28:09.898-05:00,Panaderia San Martin,Panaderias,Punto,-12.227408 -76.860514 73.01131057739258 35,-12.227408,-76.860514,73.01131058,35,,,160977285,e2083a30-9b7f-4eb2-b0fe-696843f3daa1,2022-06-03T21:54:53,,,submitted_via_web,cortega27,,10
2022-06-03T16:28:09.979-05:00,2022-06-03T16:30:23.191-05:00,Comercial Nelly,Bodegas,Punto,-12.227097 -76.860112 73.31563758850098 40,-12.227097,-76.860112,73.31563759,40,,,160977286,df5d2a23-f9cd-42ee-aaf9-ca60e091bac7,2022-06-03T21:54:53,,,submitted_via_web,cortega27,,11
2022-06-03T16:30:23.269-05:00,2022-06-03T16:32:32.135-05:00,SN,Panaderias,Punto,-12.226896 -76.859925 73.31610584259033 40,-12.226896,-76.859925,73.31610584,40,,,160977288,8fc0441f-f896-4a79-a39b-067a0530ec55,2022-06-03T21:54:53,,,submitted_via_web,cortega27,,12
2022-06-03T16:32:32.185-05:00,2022-06-03T16:33:56.322-05:00,Pacha Vida Biomarket,Otro,Punto,-12.22653 -76.859587 73.31686592102051 40,-12.22653,-76.859587,73.31686592,40,,,160977289,c7e85adf-62af-4469-9ade-82cac13559c8,2022-06-03T21:54:53,,,submitted_via_web,cortega27,,13
2022-06-03T16:33:56.371-05:00,2022-06-03T16:34:17.667-05:00,Toro bravo,Restaurantes,Punto,-12.226517 -76.859773 75.97811184762301 16,-12.226517,-76.859773,75.97811185,16,,,160977290,ffeec757-b958-4127-9c47-1953acfc7918,2022-06-03T21:54:54,,,submitted_via_web,cortega27,,14
2022-06-03T16:34:17.711-05:00,2022-06-03T16:35:35.091-05:00,SN,Bodegas,Punto,-12.226617 -76.859606 0 40,-12.226617,-76.859606,0,40,,,160977291,5aa7b593-8e59-4cf5-8384-d8efa61e92fa,2022-06-03T21:54:55,,,submitted_via_web,cortega27,,15
2022-06-03T16:54:44.294-05:00,2022-06-03T17:00:56.722-05:00,Pollería El Doradito,Restaurantes,Punto,-12.228182 -76.860486 81.59 22,-12.228182,-76.860486,81.59,22,,,160977745,601d7afc-6e8b-4ed8-923e-5f80eddc6c9c,2022-06-03T22:01:07,,,submitted_via_web,cortega27,,16
2022-06-03T17:00:56.808-05:00,2022-06-03T17:01:37.034-05:00,Chelina Cevichería,Restaurantes,Punto,-12.227854 -76.860612 70.85939121246338 45.43156621882282,-12.227854,-76.860612,70.85939121,45.43156622,,,160977776,abc003e1-bd68-4b29-a4f0-6f6b27c0bd81,2022-06-03T22:01:48,,,submitted_via_web,cortega27,,17
2022-06-03T17:01:37.081-05:00,2022-06-03T17:03:29.886-05:00,Las Brisas,Restaurantes,Punto,-12.227467 -76.859716 50.33603000640869 35,-12.227467,-76.859716,50.33603001,35,,,160977913,ad58dead-f053-4f04-a793-afde709a3c31,2022-06-03T22:03:40,,,submitted_via_web,cortega27,,18
2022-06-03T17:03:29.955-05:00,2022-06-03T17:05:03.649-05:00,NDJ Norma/Daniel/Juan,Bodegas,Punto,-12.227414 -76.859573 76.4707441329956 35,-12.227414,-76.859573,76.47074413,35,,,160978061,92924b6a-89e9-431e-8a56-460a1ce8eb1c,2022-06-03T22:05:14,,,submitted_via_web,cortega27,,19
2022-06-03T17:05:03.725-05:00,2022-06-03T17:06:41.004-05:00,Carnicería El Olimpo,Otro,Punto,-12.226957 -76.859282 77.20661163330078 35,-12.226957,-76.859282,77.20661163,35,,,160978250,c3e00671-30bf-4eec-add0-532f1fe80bf8,2022-06-03T22:06:50,,,submitted_via_web,cortega27,,20
2022-06-03T17:06:41.049-05:00,2022-06-03T17:10:45.327-05:00,Chiyaco Verdulería,Otro,Punto,-12.226312 -76.859096 80.60171318054199 22,-12.226312,-76.859096,80.60171318,22,,,160978570,a8bfed63-898b-4f01-b11d-6543d5fa27e0,2022-06-03T22:10:56,,,submitted_via_web,cortega27,,21
2022-06-03T17:10:45.410-05:00,2022-06-03T17:23:21.567-05:00,D’Lopes,Restaurantes,Punto,-12.226566 -76.859507 77.47764587402344 35,-12.226566,-76.859507,77.47764587,35,,,160979713,c72cf246-3f92-4895-ac8b-c5efe5b366df,2022-06-03T22:23:32,,,submitted_via_web,cortega27,,22
2022-06-03T17:23:21.696-05:00,2022-06-03T17:24:46.345-05:00,Avícola y Carnicería Detodito,Otro,Punto,-12.226975 -76.85927 78.16720199584961 35,-12.226975,-76.85927,78.167202,35,,,160979774,3145c3f0-450a-4a19-ac12-fdab59362dca,2022-06-03T22:24:57,,,submitted_via_web,cortega27,,23
2022-06-03T17:24:46.425-05:00,2022-06-03T17:25:16.204-05:00,Avícola Santa Monica,Otro,Punto,-12.227103 -76.859221 55.87149620056152 35,-12.227103,-76.859221,55.8714962,35,,,160979786,3160b7a2-2be3-4083-8383-9604e83537ea,2022-06-03T22:25:28,,,submitted_via_web,cortega27,,24
2022-06-03T17:25:16.243-05:00,2022-06-03T17:26:39.368-05:00,SN,Bodegas,Punto,-12.227392 -76.859006 78.99868869781494 35,-12.227392,-76.859006,78.9986887,35,,,160979878,b1064484-fbe9-4b38-9ba9-8c39c72b163b,2022-06-03T22:27:19,,,submitted_via_web,cortega27,,25
2022-06-03T17:26:39.412-05:00,2022-06-03T17:26:53.896-05:00,SN,Bodegas,Punto,-12.227199 -76.859083 78.96100807189941 35,-12.227199,-76.859083,78.96100807,35,,,160979880,ea9f0b92-552c-4e41-a2cb-6e1590568e55,2022-06-03T22:27:20,,,submitted_via_web,cortega27,,26
2022-06-03T17:26:53.932-05:00,2022-06-03T17:27:34.622-05:00,Edel Fresh,Otro,Punto,-12.227332 -76.858998 79.04981136322021 35,-12.227332,-76.858998,79.04981136,35,,,160979909,dcb69d6e-8e22-4324-9db1-c2a1815db64c,2022-06-03T22:27:46,,,submitted_via_web,cortega27,,27
2022-06-03T17:27:34.668-05:00,2022-06-03T17:29:09.155-05:00,SN,Bodegas,Punto,-12.227854 -76.859354 72.98679161071777 35,-12.227854,-76.859354,72.98679161,35,,,160980090,0df6a903-4b1c-454a-919a-76795b5def2e,2022-06-03T22:30:21,,,submitted_via_web,cortega27,,28
2022-06-03T17:29:09.217-05:00,2022-06-03T17:32:29.541-05:00,Atria Cafe Bar,Restaurantes,Punto,-12.228622 -76.859567 74.65673160552979 35,-12.228622,-76.859567,74.65673161,35,,,160980325,50a846e6-2d6a-49a6-bb4f-a38a288a8453,2022-06-03T22:34:22,,,submitted_via_web,cortega27,,29
2022-06-03T17:44:54.317-05:00,2022-06-03T17:45:09.012-05:00,Maritza Meza,Bodegas,Punto,-12.229634 -76.859425 73.37282585100556 12.001812410521316,-12.229634,-76.859425,73.37282585,12.00181241,,,160980939,2b2ae73e-92ff-4fc3-9548-13859c0618c5,2022-06-03T22:45:19,,,submitted_via_web,cortega27,,30
2022-06-03T17:45:09.058-05:00,2022-06-03T17:45:39.482-05:00,258 bistro,Restaurantes,Punto,-12.22974 -76.859469 72.32595443725586 35,-12.22974,-76.859469,72.32595444,35,,,160980973,a2fd7f88-484d-41a0-b30b-00fb6a783637,2022-06-03T22:45:50,,,submitted_via_web,cortega27,,31
2022-06-03T17:45:39.524-05:00,2022-06-03T17:46:04.396-05:00,Don Cucho,Restaurantes,Punto,-12.229636 -76.859518 73.3463544845581 35,-12.229636,-76.859518,73.34635448,35,,,160980990,1ecb9521-c2ac-41b7-8e9a-99ea143003fc,2022-06-03T22:46:15,,,submitted_via_web,cortega27,,32
2022-06-03T17:46:04.444-05:00,2022-06-03T17:46:34.928-05:00,Golden chicken,Restaurantes,Punto,-12.229813 -76.859599 71.91814994812012 35,-12.229813,-76.859599,71.91814995,35,,,160981009,03ddbd7b-2905-47c6-bbdd-786aceadd0fb,2022-06-03T22:46:45,,,submitted_via_web,cortega27,,33
2022-06-03T17:46:34.963-05:00,2022-06-03T17:47:05.525-05:00,Antojitos Ashby,Restaurantes,Punto,-12.229845 -76.859593 71.8965539932251 35,-12.229845,-76.859593,71.89655399,35,,,160981025,b4d9805a-0b5c-4303-b00b-21d9348e1593,2022-06-03T22:47:16,,,submitted_via_web,cortega27,,34
2022-06-03T17:47:05.559-05:00,2022-06-03T17:47:50.751-05:00,Zessy,Ambulantes,Punto,-12.229842 -76.859648 70.92553329467773 35,-12.229842,-76.859648,70.92553329,35,,,160981086,9327f5c3-588a-49a4-8a7b-29883b6ca1d2,2022-06-03T22:48:01,,,submitted_via_web,cortega27,,35
2022-06-03T17:47:50.807-05:00,2022-06-03T17:48:19.781-05:00,Mass,Otro,Punto,-12.229966 -76.859863 61.22052192687988 12.000000000000002,-12.229966,-76.859863,61.22052193,12,,,160981118,e4492d2c-7522-4d1a-b860-09d0f5ef4a45,2022-06-03T22:48:37,,,submitted_via_web,cortega27,,36
2022-06-03T17:48:19.812-05:00,2022-06-03T17:48:57.178-05:00,La esquina,Restaurantes,Punto,-12.230101 -76.859905 73.42432724031758 24.000000000000004,-12.230101,-76.859905,73.42432724,24,,,160981156,5a3ed68e-a2f9-4194-bb48-22a1d85348a4,2022-06-03T22:49:07,,,submitted_via_web,cortega27,,37
2022-06-03T17:48:57.210-05:00,2022-06-03T17:49:56.219-05:00,Jijunas,Restaurantes,Punto,-12.229963 -76.859543 58.58857440948486 45.752,-12.229963,-76.859543,58.58857441,45.752,,,160981231,464a6c2d-83d5-467e-a303-8a8ee65594ae,2022-06-03T22:50:06,,,submitted_via_web,cortega27,,38
2022-06-03T17:49:56.259-05:00,2022-06-03T17:50:45.190-05:00,Dulces Rosita Dulcería,Restaurantes,Punto,-12.229961 -76.859431 71.90915584564209 35,-12.229961,-76.859431,71.90915585,35,,,160981271,c38734d1-7aa5-4fbd-826d-922a646002aa,2022-06-03T22:50:55,,,submitted_via_web,cortega27,,39
2022-06-03T17:50:45.220-05:00,2022-06-03T17:51:12.109-05:00,Señor Trol’s,Restaurantes,Punto,-12.230261 -76.859787 60.67733726501466 24.000000000000004,-12.230261,-76.859787,60.67733727,24,,,160981289,eb1ea612-db9f-47c7-8a3f-294fa88d9dd0,2022-06-03T22:51:22,,,submitted_via_web,cortega27,,40
2022-06-03T17:51:12.146-05:00,2022-06-03T17:51:39.082-05:00,D’Alexia,Restaurantes,Punto,-12.23036 -76.859559 60.59245414733887 24.000000000000004,-12.23036,-76.859559,60.59245415,24,,,160981305,b2c9c143-ee8f-4267-8c08-5e8cd15717f5,2022-06-03T22:51:49,,,submitted_via_web,cortega27,,41
2022-06-03T17:51:39.120-05:00,2022-06-03T17:52:11.491-05:00,SN,Bodegas,Punto,-12.229936 -76.859379 58.18421173095703 35,-12.229936,-76.859379,58.18421173,35,,,160981336,7eefdf32-9fc0-4164-ac56-7c2bafd9fdc7,2022-06-03T22:52:25,,,submitted_via_web,cortega27,,42
2022-06-03T17:52:11.538-05:00,2022-06-03T17:52:35.417-05:00,Maxi Coffee,Restaurantes,Punto,-12.230119 -76.859397 70.61077690124512 40,-12.230119,-76.859397,70.6107769,40,,,160981344,090742a5-293b-4cea-8602-d97ee3b5aa67,2022-06-03T22:52:45,,,submitted_via_web,cortega27,,43
2022-06-03T17:52:35.458-05:00,2022-06-03T17:52:54.233-05:00,La Terraza,Restaurantes,Punto,-12.229981 -76.859541 71.83173179626465 35,-12.229981,-76.859541,71.8317318,35,,,160981356,9a8a1f59-1c34-44dd-802c-82b535231547,2022-06-03T22:53:04,,,submitted_via_web,cortega27,,44
2022-06-03T17:52:54.272-05:00,2022-06-03T17:54:29.726-05:00,SN,Bodegas,Punto,-12.230129 -76.859405 70.70732688903809 40,-12.230129,-76.859405,70.70732689,40,,,160981431,2d284a55-e780-4904-b4c1-77208d7239e4,2022-06-03T22:54:40,,,submitted_via_web,cortega27,,45
2022-06-03T17:54:29.836-05:00,2022-06-03T17:55:35.456-05:00,Esencias,Ambulantes,Punto,-12.229797 -76.859132 72.6225643157959 35,-12.229797,-76.859132,72.62256432,35,,,160981477,8ff34875-6900-4ea8-a2d2-9d2c55578ea1,2022-06-03T22:55:46,,,submitted_via_web,cortega27,,46
2022-06-03T17:55:35.527-05:00,2022-06-03T17:56:34.055-05:00,Maily’s,Restaurantes,Punto,-12.230113 -76.858678 71.92365455627441 35,-12.230113,-76.858678,71.92365456,35,,,160981505,e5fb54a8-5161-4f63-bd8c-1524127eb319,2022-06-03T22:56:44,,,submitted_via_web,cortega27,,47
2022-06-03T17:56:34.098-05:00,2022-06-03T17:57:09.093-05:00,Pacha Wallpa & Esencias,Restaurantes,Punto,-12.230183 -76.858609 72.38570213317871 40,-12.230183,-76.858609,72.38570213,40,,,160981528,c65ef050-47d7-475e-afc7-ffa4db900433,2022-06-03T22:57:19,,,submitted_via_web,cortega27,,48
2022-06-03T17:57:09.129-05:00,2022-06-03T17:58:30.031-05:00,SN,Bodegas,Punto,-12.230148 -76.858632 72.84012699127197 35,-12.230148,-76.858632,72.84012699,35,,,160981575,a44b1ac8-2158-48f9-a7ce-d044bcaa522e,2022-06-03T22:58:41,,,submitted_via_web,cortega27,,49
2022-06-03T17:58:30.090-05:00,2022-06-03T18:01:50.705-05:00,SN,Panaderias,Punto,-12.23078 -76.858027 71.66000652313232 35,-12.23078,-76.858027,71.66000652,35,,,160981697,a0ce98d7-b413-4ec0-9329-5599075fa5d8,2022-06-03T23:02:01,,,submitted_via_web,cortega27,,50
2022-06-03T18:01:50.794-05:00,2022-06-03T18:03:00.358-05:00,Verdulería/Frutería Fredy/Angela,Bodegas,Punto,-12.230635 -76.858151 71.56049919128418 35,-12.230635,-76.858151,71.56049919,35,,,160981809,4f77a35f-b5b8-470d-a19a-4ec32c9469aa,2022-06-03T23:03:11,,,submitted_via_web,cortega27,,51
2022-06-03T18:03:00.401-05:00,2022-06-03T18:03:26.819-05:00,SN,Bodegas,Punto,-12.230796 -76.857894 70.99626350402832 35,-12.230796,-76.857894,70.9962635,35,,,160981838,9cf832c2-0df2-47a9-96c2-90627e4a02d4,2022-06-03T23:03:37,,,submitted_via_web,cortega27,,52
2022-06-03T18:03:26.847-05:00,2022-06-03T18:04:20.304-05:00,SN,Bodegas,Punto,-12.231122 -76.857713 70.77949333190918 40,-12.231122,-76.857713,70.77949333,40,,,160981889,deffdfa1-f3ef-4a46-81fb-b49359b8646b,2022-06-03T23:04:30,,,submitted_via_web,cortega27,,53
2022-06-03T18:04:20.348-05:00,2022-06-03T18:08:03.729-05:00,Bodega Mosquera,Bodegas,Punto,-12.231597 -76.858044 68.45702362060547 35,-12.231597,-76.858044,68.45702362,35,,,160982135,767fca91-906f-4534-8a75-f25b00b85a4c,2022-06-03T23:08:14,,,submitted_via_web,cortega27,,54
2022-06-03T18:08:03.809-05:00,2022-06-03T18:09:07.888-05:00,Miriam,Restaurantes,Punto,-12.231647 -76.858089 68.44485664367676 35,-12.231647,-76.858089,68.44485664,35,,,160982250,72a1fc0f-a379-4588-a486-8c26f2212b4f,2022-06-03T23:09:18,,,submitted_via_web,cortega27,,55
2022-06-03T18:09:07.924-05:00,2022-06-03T18:09:36.139-05:00,Pizzeria Don Abarno,Restaurantes,Punto,-12.23113 -76.858233 55.869773864746094 80.61440286271754,-12.23113,-76.858233,55.86977386,80.61440286,,,160982275,b04ba0a8-96e4-4854-a02d-8cbac995117d,2022-06-03T23:09:46,,,submitted_via_web,cortega27,,56
2022-06-03T18:09:36.175-05:00,2022-06-03T18:10:11.907-05:00,Chifa Don Wok,Restaurantes,Punto,-12.231341 -76.858419 56.3146858215332 45.85572021633396,-12.231341,-76.858419,56.31468582,45.85572022,,,160982286,b9701523-3b81-4007-bbe8-cc12ca11ee25,2022-06-03T23:10:22,,,submitted_via_web,cortega27,,57
2022-06-03T18:10:12.056-05:00,2022-06-03T18:10:55.321-05:00,La fe en Dios,Restaurantes,Punto,-12.231214 -76.858448 56.24522018432617 35,-12.231214,-76.858448,56.24522018,35,,,160982306,4883962f-229c-4a3a-a0f2-b51df26d4f7f,2022-06-03T23:11:05,,,submitted_via_web,cortega27,,58
2022-06-03T18:10:55.354-05:00,2022-06-03T18:11:45.515-05:00,SN,Bodegas,Punto,-12.230902 -76.858751 49.31352615356445 82.64581079955505,-12.230902,-76.858751,49.31352615,82.6458108,,,160982316,5557bd3d-261c-48c6-9964-c804c8d6ce13,2022-06-03T23:11:56,,,submitted_via_web,cortega27,,59
2022-06-03T18:11:45.551-05:00,2022-06-03T18:14:25.015-05:00,Kisumi,Bodegas,Punto,-12.230985 -76.859563 66.16434097290039 39.23615980415341,-12.230985,-76.859563,66.16434097,39.2361598,,,160982453,d7882b4f-f018-4841-87f1-deebb9ffdb20,2022-06-03T23:14:37,,,submitted_via_web,cortega27,,60
2022-06-03T18:14:25.077-05:00,2022-06-03T18:37:02.695-05:00,Pachafresh,Bodegas,Punto,-12.228012 -76.858298 78.85791683197021 35,-12.228012,-76.858298,78.85791683,35,,,160983691,a302ced8-5327-4e5f-9db7-ce0f965fc222,2022-06-03T23:37:13,,,submitted_via_web,cortega27,,61
2022-06-03T18:37:02.799-05:00,2022-06-03T18:40:33.740-05:00,Las Rebecas,Bodegas,Punto,-12.227668 -76.857486 81.95279312133789 35,-12.227668,-76.857486,81.95279312,35,,,160983861,3eaaa30e-121e-4f0b-ad92-a071150a11f7,2022-06-03T23:40:45,,,submitted_via_web,cortega27,,62
2022-06-03T18:46:31.892-05:00,2022-06-03T18:46:56.895-05:00,SN,Bodegas,Punto,-12.228834 -76.858428 77.03159523010254 35,-12.228834,-76.858428,77.03159523,35,,,160984090,2d2f0343-a447-4040-95e5-1dfa342ad347,2022-06-03T23:47:01,,,submitted_via_web,cortega27,,63
2022-06-03T18:46:56.953-05:00,2022-06-03T18:49:15.388-05:00,Mechita,Ambulantes,Punto,-12.229438 -76.858011 75.86878681182861 49.24365306547549,-12.229438,-76.858011,75.86878681,49.24365307,,,160984166,aba3467c-32e9-4896-bf15-3c546c36a8b9,2022-06-03T23:49:26,,,submitted_via_web,cortega27,,64
2022-06-03T18:49:15.438-05:00,2022-06-03T18:50:00.213-05:00,SN,Bodegas,Punto,-12.229511 -76.857846 76.78099060058594 75.40166283618717,-12.229511,-76.857846,76.7809906,75.40166284,,,160984177,739e9538-950e-493c-a22c-68971cda33b0,2022-06-03T23:50:10,,,submitted_via_web,cortega27,,65
2022-06-03T18:50:00.276-05:00,2022-06-03T18:50:50.683-05:00,SN,Bodegas,Punto,-12.229509 -76.857746 76.89236831665039 35,-12.229509,-76.857746,76.89236832,35,,,160984200,c74be7e3-3d51-4f94-bd48-ddc56fc93624,2022-06-03T23:51:01,,,submitted_via_web,cortega27,,66
2022-06-03T18:50:50.737-05:00,2022-06-03T18:51:41.365-05:00,Sabores y gustitos,Restaurantes,Punto,-12.229594 -76.857782 76.92514991760254 35,-12.229594,-76.857782,76.92514992,35,,,160984217,75226fe8-0361-487f-b29f-50f9bd623aff,2022-06-03T23:51:52,,,submitted_via_web,cortega27,,67
2022-06-04T16:00:48.933-05:00,2022-06-04T16:27:31.312-05:00,Huayra,Panaderias,Punto,-11.891284 -77.041281 207.39999389648438 6.620999813079834,-11.891284,-77.041281,207.3999939,6.620999813,,,161136979,665397fe-083b-4e92-8cd4-8c4d1d7abbaa,2022-06-04T21:29:08,,,submitted_via_web,cortega27,,68
2022-06-04T16:27:31.462-05:00,2022-06-04T16:29:42.230-05:00,A & M,Bodegas,Punto,-11.891353 -77.041415 207.39999389648438 7.63700008392334,-11.891353,-77.041415,207.3999939,7.637000084,,,161137089,b2113d24-767d-4a9a-92f1-9143c6465521,2022-06-04T21:29:53,,,submitted_via_web,cortega27,,69
2022-06-04T16:27:11.850-05:00,2022-06-04T16:29:52.536-05:00,Palta Orgánica,Otro,Punto,-11.891074 -77.041302 181.26382160186768 35,-11.891074,-77.041302,181.2638216,35,,,161137097,754f09d9-38d7-4fc3-83c7-aac13596235e,2022-06-04T21:30:03,,,submitted_via_web,cortega27,,70
2022-06-04T16:29:42.345-05:00,2022-06-04T16:32:21.410-05:00,X,Bodegas,Punto,-11.891703 -77.040455 208.1999969482422 7.853000164031982,-11.891703,-77.040455,208.1999969,7.853000164,,,161137233,b4332875-c428-453a-9784-30476bb84572,2022-06-04T21:32:33,,,submitted_via_web,cortega27,,71
2022-06-04T16:29:52.641-05:00,2022-06-04T16:32:28.383-05:00,SN,Bodegas,Punto,-11.890848 -77.043572 159.65339012145998 32,-11.890848,-77.043572,159.6533901,32,,,161137266,86ea7b36-ac5b-43c8-817e-016e7f9eac2d,2022-06-04T21:32:57,,,submitted_via_web,cortega27,,72
2022-06-04T16:32:28.447-05:00,2022-06-04T16:33:44.707-05:00,SN,Bodegas,Punto,-11.89086 -77.044366 164.38823890686035 45.99359444717709,-11.89086,-77.044366,164.3882389,45.99359445,,,161137377,d8db154e-da9c-45b2-9098-0782787cdb79,2022-06-04T21:33:56,,,submitted_via_web,cortega27,,73
2022-06-04T16:33:44.781-05:00,2022-06-04T16:34:18.851-05:00,Postres M&E,Otro,Punto,-11.89094 -77.044517 144.29905796051025 40,-11.89094,-77.044517,144.299058,40,,,161137463,0447d2fd-447c-4f6a-be52-d6bb2a518704,2022-06-04T21:34:30,,,submitted_via_web,cortega27,,74
2022-06-04T16:34:18.878-05:00,2022-06-04T16:34:52.272-05:00,Bodega Camu Camu,Bodegas,Punto,-11.89085 -77.044456 144.2990207672119 52.3311376,-11.89085,-77.044456,144.2990208,52.3311376,,,161137503,85cba60e-31c6-472b-9073-6eb0a0a0a64a,2022-06-04T21:35:02,,,submitted_via_web,cortega27,,75
2022-06-04T16:34:52.305-05:00,2022-06-04T16:37:51.587-05:00,SN,Bodegas,Punto,-11.891655 -77.044458 176.93922513538055 6.000906205260658,-11.891655,-77.044458,176.9392251,6.000906205,,,161137676,ffe2d456-5269-4dfa-a237-67f8634febfc,2022-06-04T21:38:02,,,submitted_via_web,cortega27,,76
2022-06-04T16:37:51.681-05:00,2022-06-04T16:38:05.079-05:00,SN,Bodegas,Punto,-11.891648 -77.044452 176.93924522397896 6.000906205260658,-11.891648,-77.044452,176.9392452,6.000906205,,,161137683,e6ab9578-dbb3-42b6-8ff2-7f6831d37411,2022-06-04T21:38:15,,,submitted_via_web,cortega27,,77
2022-06-04T16:32:21.535-05:00,2022-06-04T16:38:28.315-05:00,Engrieme,Restaurantes,Punto,-11.892461 -77.039251 209.39999389648438 31.381000518798828,-11.892461,-77.039251,209.3999939,31.38100052,,,161137715,18086a81-3f03-46e2-8c86-16df0abc51c7,2022-06-04T21:38:39,,,submitted_via_web,cortega27,,78
2022-06-04T16:38:05.123-05:00,2022-06-04T16:38:43.699-05:00,Valentino’s,Restaurantes,Punto,-11.891526 -77.044778 166.55643367767334 44,-11.891526,-77.044778,166.5564337,44,,,161137737,75ce6955-0eff-4049-b041-7b4c678e8f9f,2022-06-04T21:38:54,,,submitted_via_web,cortega27,,79
2022-06-04T16:38:28.429-05:00,2022-06-04T16:39:01.956-05:00,Pappo lucca,Restaurantes,Punto,-11.892461 -77.039251 209.39999389648438 31.381000518798828,-11.892461,-77.039251,209.3999939,31.38100052,,,161137759,0e891706-659b-4653-8c10-391ab77aa591,2022-06-04T21:39:12,,,submitted_via_web,cortega27,,80
2022-06-04T16:38:43.735-05:00,2022-06-04T16:39:07.735-05:00,La tinaja,Restaurantes,Punto,-11.891532 -77.044889 164.71936511993408 40,-11.891532,-77.044889,164.7193651,40,,,161137761,d95766a8-ad1b-4a86-9f8b-1cc7af1c8466,2022-06-04T21:39:18,,,submitted_via_web,cortega27,,81
2022-06-04T16:39:02.068-05:00,2022-06-04T16:39:46.045-05:00,Pizza paolos,Panaderias,Punto,-11.892245 -77.039658 208.5 19.57200050354004,-11.892245,-77.039658,208.5,19.5720005,,,161137782,5259abf3-152f-4c3a-8eaf-f767be886fc0,2022-06-04T21:39:58,,,submitted_via_web,cortega27,,82
2022-06-04T16:39:46.163-05:00,2022-06-04T16:40:45.190-05:00,Chifa Hong fu,Restaurantes,Punto,-11.892299 -77.039527 208.5 84.90499877929688,-11.892299,-77.039527,208.5,84.90499878,,,161137815,93cfc327-9680-4a3b-a5e4-cd272c39c7bd,2022-06-04T21:40:56,,,submitted_via_web,cortega27,,83
2022-06-04T16:39:07.774-05:00,2022-06-04T16:40:23.947-05:00,SN,Bodegas,Punto,-11.892174 -77.045337 174.9126901626587 38.3751257680518,-11.892174,-77.045337,174.9126902,38.37512577,,,161137823,e7882948-2419-419f-a98e-5f5dc1b14e84,2022-06-04T21:41:12,,,submitted_via_web,cortega27,,84
2022-06-04T16:40:45.288-05:00,2022-06-04T16:41:17.755-05:00,El chino,Restaurantes,Punto,-11.892307 -77.039473 208.5 15.246000289916992,-11.892307,-77.039473,208.5,15.24600029,,,161137850,f6bd3811-9879-42fa-a243-ce89e2afcb13,2022-06-04T21:41:28,,,submitted_via_web,cortega27,,85
2022-06-04T16:41:17.871-05:00,2022-06-04T16:41:41.777-05:00,Yudy,Restaurantes,Punto,-11.892346 -77.039422 208.39999389648438 359.1289978027344,-11.892346,-77.039422,208.3999939,359.1289978,,,161137892,d8adee5e-29e6-46e4-88ea-67efb1594104,2022-06-04T21:41:52,,,submitted_via_web,cortega27,,86
2022-06-04T16:41:41.880-05:00,2022-06-04T16:42:12.179-05:00,Huarino,Restaurantes,Punto,-11.892471 -77.039283 208.5 272.77301025390625,-11.892471,-77.039283,208.5,272.7730103,,,161137946,f0b96574-1285-4787-8894-e70bad0b5b3f,2022-06-04T21:42:24,,,submitted_via_web,cortega27,,87
2022-06-04T16:40:24.020-05:00,2022-06-04T16:41:21.719-05:00,SN,Bodegas,Punto,-11.892751 -77.045997 158.89658546447754 52.3311376,-11.892751,-77.045997,158.8965855,52.3311376,,,161137953,c01e9a31-6dd4-4024-a38c-e6f7c8432431,2022-06-04T21:42:27,,,submitted_via_web,cortega27,,88
2022-06-04T16:42:12.299-05:00,2022-06-04T16:43:11.834-05:00,Olenka,Bodegas,Punto,-11.89279 -77.039273 209.1999969482422 16.722999572753906,-11.89279,-77.039273,209.1999969,16.72299957,,,161138001,3d121d1c-5602-48a4-b137-018113082eea,2022-06-04T21:43:23,,,submitted_via_web,cortega27,,89
2022-06-04T16:43:11.952-05:00,2022-06-04T16:44:35.129-05:00,Good lover,Restaurantes,Punto,-11.892955 -77.039499 209.1999969482422 9.045999526977539,-11.892955,-77.039499,209.1999969,9.045999527,,,161138105,5abe43ab-2ebd-4cd7-92b1-7f502b0384de,2022-06-04T21:44:46,,,submitted_via_web,cortega27,,90
2022-06-04T16:45:16.363-05:00,2022-06-04T16:45:40.309-05:00,SN,Bodegas,Punto,-11.894538 -77.045189 159.2960844039917 40,-11.894538,-77.045189,159.2960844,40,,,161138172,ea213d27-2326-4148-abb7-9fdd7b881e63,2022-06-04T21:45:46,,,submitted_via_web,cortega27,,91
2022-06-04T16:44:35.261-05:00,2022-06-04T16:46:55.260-05:00,Los galios,Bodegas,Punto,-11.893374 -77.039832 207.6999969482422 76.1500015258789,-11.893374,-77.039832,207.6999969,76.15000153,,,161138272,b19bef71-b5c2-4012-b076-29d1493785a9,2022-06-04T21:47:08,,,submitted_via_web,cortega27,,92
2022-06-04T16:48:24.473-05:00,2022-06-04T16:48:44.249-05:00,SN,Bodegas,Punto,-11.895143 -77.044046 154.66157913208008 35,-11.895143,-77.044046,154.6615791,35,,,161138486,590ebc29-92be-48c5-bccc-d1743b94746b,2022-06-04T21:48:54,,,submitted_via_web,cortega27,,93
2022-06-04T16:48:44.293-05:00,2022-06-04T16:48:54.860-05:00,SN,Bodegas,Punto,-11.895192 -77.044073 172.70547485351562 35,-11.895192,-77.044073,172.7054749,35,,,161138499,77098fbc-7728-44af-9321-28ff0ecb3d19,2022-06-04T21:49:05,,,submitted_via_web,cortega27,,94
2022-06-04T16:48:54.906-05:00,2022-06-04T16:49:19.185-05:00,SN,Bodegas,Punto,-11.89526 -77.04398 174.00626850128174 35,-11.89526,-77.04398,174.0062685,35,,,161138547,0a526f0e-f3ac-4b74-b447-b8d5ebba9cc6,2022-06-04T21:49:29,,,submitted_via_web,cortega27,,95
2022-06-04T16:49:19.215-05:00,2022-06-04T16:50:19.661-05:00,Yogurt Vilgo,Otro,Punto,-11.895318 -77.043778 168.6469440460205 38.03555762532102,-11.895318,-77.043778,168.646944,38.03555763,,,161138683,9fc7cdf2-a551-49fd-885f-261ae499065b,2022-06-04T21:51:32,,,submitted_via_web,cortega27,,96
2022-06-04T16:50:19.725-05:00,2022-06-04T16:52:58.272-05:00,Valentino,Panaderias,Punto,-11.894821 -77.042341 176.49106884002686 59.8563551869,-11.894821,-77.042341,176.4910688,59.85635519,,,161138833,cfd4f66d-da1f-4273-8aa6-db079327fc9f,2022-06-04T21:53:32,,,submitted_via_web,cortega27,,97
2022-06-04T16:52:58.324-05:00,2022-06-04T16:53:44.557-05:00,Chifa Lu Min,Restaurantes,Punto,-11.894052 -77.042665 144.20841026306152 40,-11.894052,-77.042665,144.2084103,40,,,161138845,d0b5fe15-05dc-4a92-a2b3-3457b18dcbd2,2022-06-04T21:53:55,,,submitted_via_web,cortega27,,98
2022-06-04T16:54:30.760-05:00,2022-06-04T16:55:11.793-05:00,Mía y steph,Bodegas,Punto,-11.896872 -77.04324 199.79998779296875 248.4510040283203,-11.896872,-77.04324,199.7999878,248.451004,,,161138904,2af5bc2e-bfbe-4daa-8b30-dc52895c2edb,2022-06-04T21:55:23,,,submitted_via_web,cortega27,,99
2022-06-04T16:53:44.601-05:00,2022-06-04T16:55:11.294-05:00,SN,Bodegas,Punto,-11.894025 -77.043327 175.44113636384583 8.001208273680877,-11.894025,-77.043327,175.4411364,8.001208274,,,161138905,ee7bde99-945e-4d0f-9267-0a43b37846ae,2022-06-04T21:55:23,,,submitted_via_web,cortega27,,100
2022-06-04T16:55:11.916-05:00,2022-06-04T16:55:34.038-05:00,Bodega,Bodegas,Punto,-11.896932 -77.042971 200.6999969482422 15.284000396728516,-11.896932,-77.042971,200.6999969,15.2840004,,,161138917,046e2593-507f-4ff0-9f7b-e7804cdcbd07,2022-06-04T21:55:45,,,submitted_via_web,cortega27,,101
2022-06-04T16:55:11.348-05:00,2022-06-04T16:55:42.590-05:00,SN,Bodegas,Punto,-11.894115 -77.043472 163.24565410614014 35,-11.894115,-77.043472,163.2456541,35,,,161138922,8e2ce702-ac40-41a0-a802-d3787e4ab87f,2022-06-04T21:55:53,,,submitted_via_web,cortega27,,102
2022-06-04T16:55:34.145-05:00,2022-06-04T16:57:12.309-05:00,Los rosales,Bodegas,Punto,-11.897229 -77.042523 203.1999969482422 10.107000350952148,-11.897229,-77.042523,203.1999969,10.10700035,,,161139011,f56e2dec-34af-46ef-a33a-662b87c0f804,2022-06-04T21:57:24,,,submitted_via_web,cortega27,,103
2022-06-04T16:55:42.627-05:00,2022-06-04T16:57:42.525-05:00,Carmencita,Bodegas,Punto,-11.894287 -77.04425 174.24366188049316 35,-11.894287,-77.04425,174.2436619,35,,,161139069,e0a26af0-b566-471e-89ec-6170ca62e801,2022-06-04T21:57:53,,,submitted_via_web,cortega27,,104
2022-06-04T16:57:12.437-05:00,2022-06-04T16:58:16.367-05:00,D'yonny,Bodegas,Punto,-11.89751 -77.041993 204.09999084472656 57.60900115966797,-11.89751,-77.041993,204.0999908,57.60900116,,,161139103,646aef65-863d-4518-84b5-f0950c691fbf,2022-06-04T21:58:28,,,submitted_via_web,cortega27,,105
2022-06-04T16:57:42.588-05:00,2022-06-04T17:00:02.932-05:00,Tía Lucy,Restaurantes,Punto,-11.893618 -77.044558 172.89437675476074 39.45490280063548,-11.893618,-77.044558,172.8943768,39.4549028,,,161139197,87f9c139-0c8b-4ad8-a128-56fb12ba4a7b,2022-06-04T22:00:14,,,submitted_via_web,cortega27,,106
2022-06-04T17:00:03.014-05:00,2022-06-04T17:00:30.874-05:00,SN,Bodegas,Punto,-11.893605 -77.044547 163.7723503112793 35,-11.893605,-77.044547,163.7723503,35,,,161139242,f07dca5b-8ef8-4966-a9f8-9db2d45cdb6a,2022-06-04T22:01:37,,,submitted_via_web,cortega27,,107
2022-06-04T17:00:30.928-05:00,2022-06-04T17:01:47.631-05:00,SN,Bodegas,Punto,-11.893968 -77.045251 154.0478771209717 24.000000000000004,-11.893968,-77.045251,154.0478771,24,,,161139262,9b60711d-5e9d-4600-a15d-d0a52e3e87bf,2022-06-04T22:02:07,,,submitted_via_web,cortega27,,108
2022-06-04T17:01:47.690-05:00,2022-06-04T17:02:58.255-05:00,SN,Bodegas,Punto,-11.893984 -77.045196 165.08001804351807 35,-11.893984,-77.045196,165.080018,35,,,161139352,28b9071e-5bf0-448e-8059-9902459a99fd,2022-06-04T22:03:27,,,submitted_via_web,cortega27,,109
2022-06-04T16:58:16.465-05:00,2022-06-04T17:06:38.809-05:00,Ceviches,Mercados ,Punto,-11.899155 -77.040164 204.1999969482422 21.93600082397461,-11.899155,-77.040164,204.1999969,21.93600082,,,161139571,7bc047a1-76c7-4941-8c86-de2c1199dda4,2022-06-04T22:06:50,,,submitted_via_web,cortega27,,110
2022-06-04T17:02:58.315-05:00,2022-06-04T17:06:41.669-05:00,SN,Bodegas,Punto,-11.893725 -77.045703 160.00299453735352 40,-11.893725,-77.045703,160.0029945,40,,,161139575,fec1932d-baa6-4779-802d-7120c653b3a5,2022-06-04T22:06:53,,,submitted_via_web,cortega27,,111
2022-06-04T17:06:41.795-05:00,2022-06-04T17:07:26.649-05:00,SN,Bodegas,Punto,-11.892618 -77.043999 164.39146423339844 35,-11.892618,-77.043999,164.3914642,35,,,161139625,88bb226e-b51b-48a7-b85b-06383716ff60,2022-06-04T22:07:37,,,submitted_via_web,cortega27,,112
2022-06-04T17:07:26.734-05:00,2022-06-04T17:07:53.354-05:00,Mass,Otro,Punto,-11.892633 -77.044041 162.3486785888672 35,-11.892633,-77.044041,162.3486786,35,,,161139685,ae15c287-86f4-45c1-8fde-703ac7c7310a,2022-06-04T22:08:09,,,submitted_via_web,cortega27,,113
2022-06-04T17:06:38.945-05:00,2022-06-04T17:08:07.984-05:00,Jugueria,Restaurantes,Punto,-11.89884 -77.038939 207.29998779296875 15.692000389099121,-11.89884,-77.038939,207.2999878,15.69200039,,,161139696,461c0c5b-6b17-40f9-ae78-d3a4df7cf5b0,2022-06-04T22:08:19,,,submitted_via_web,cortega27,,114
2022-06-04T17:08:08.085-05:00,2022-06-04T17:08:34.391-05:00,Shaday,Bodegas,Punto,-11.89884 -77.038939 207.29998779296875 15.692000389099121,-11.89884,-77.038939,207.2999878,15.69200039,,,161139738,c7c50d42-2bad-4b3e-9890-ed42cbdf3b4a,2022-06-04T22:08:45,,,submitted_via_web,cortega27,,115
2022-06-04T17:07:53.390-05:00,2022-06-04T17:08:45.410-05:00,Avícola Bodega Don Pedrito,Mini-mercados,Punto,-11.892728 -77.043748 171.79073524475098 40,-11.892728,-77.043748,171.7907352,40,,,161139756,f2902f7a-c910-42f7-bd43-a571c473efce,2022-06-04T22:08:56,,,submitted_via_web,cortega27,,116
2022-06-04T17:08:34.492-05:00,2022-06-04T17:09:48.437-05:00,San felipe,Mercados en áreas públicas,Punto,-11.898224 -77.038685 207.5 12.083999633789062,-11.898224,-77.038685,207.5,12.08399963,,,161139877,b4f6d7a1-fc58-4fb8-a9ee-1e3c1f6a8f53,2022-06-04T22:10:02,,,submitted_via_web,cortega27,,117
2022-06-04T17:08:45.496-05:00,2022-06-04T17:10:20.730-05:00,SN,Bodegas,Punto,-11.89346 -77.043943 164.39214324951172 35,-11.89346,-77.043943,164.3921432,35,,,161139968,2eb2fdaf-f0e0-4a3c-8296-dde567aaa0a6,2022-06-04T22:10:47,,,submitted_via_web,cortega27,,118
2022-06-04T17:09:48.564-05:00,2022-06-04T17:10:45.442-05:00,La economica,Bodegas,Punto,-11.898008 -77.038371 207.59999084472656 17.68600082397461,-11.898008,-77.038371,207.5999908,17.68600082,,,161139988,89b4112a-3fca-4cdc-b707-5d67c933c990,2022-06-04T22:10:56,,,submitted_via_web,cortega27,,119
2022-06-04T17:10:20.823-05:00,2022-06-04T17:11:05.166-05:00,SN,Bodegas,Punto,-11.893421 -77.043941 174.33574676513672 35,-11.893421,-77.043941,174.3357468,35,,,161140031,6b00d759-e115-4424-8fe0-67427e9bb4ec,2022-06-04T22:11:16,,,submitted_via_web,cortega27,,120
2022-06-04T17:10:45.520-05:00,2022-06-04T17:12:34.676-05:00,Nueva imagen,Mercados ,Punto,-11.897001 -77.037981 208.79998779296875 6.002999782562256,-11.897001,-77.037981,208.7999878,6.002999783,,,161140206,31a30661-e82a-4f28-a4dc-7974e94d856f,2022-06-04T22:12:46,,,submitted_via_web,cortega27,,121
2022-06-04T17:11:05.224-05:00,2022-06-04T17:12:58.105-05:00,Bodega Sebastián,Bodegas,Punto,-11.893284 -77.043034 177.13664627075195 35,-11.893284,-77.043034,177.1366463,35,,,161140242,1d318211-d969-46fd-a3e7-f8d2ac36e6d5,2022-06-04T22:13:09,,,submitted_via_web,cortega27,,122
2022-06-04T17:12:34.804-05:00,2022-06-04T17:13:44.088-05:00,Veravestegui,Mini-mercados,Punto,-11.896636 -77.037929 209.39999389648438 42.11600112915039,-11.896636,-77.037929,209.3999939,42.11600113,,,161140263,8c771613-3b88-4ffb-b4aa-c80c4ac8bc69,2022-06-04T22:13:55,,,submitted_via_web,cortega27,,123
2022-06-04T17:13:44.182-05:00,2022-06-04T17:14:09.098-05:00,Pikolini,Restaurantes,Punto,-11.896329 -77.037897 209.79998779296875 25.336999893188477,-11.896329,-77.037897,209.7999878,25.33699989,,,161140273,3bb78188-6181-46b1-9fe1-e09654ec74aa,2022-06-04T22:14:20,,,submitted_via_web,cortega27,,124
2022-06-04T17:14:09.184-05:00,2022-06-04T17:14:44.941-05:00,Jaquelin,Restaurantes,Punto,-11.898211 -77.038427 207.29998779296875 128.32200622558594,-11.898211,-77.038427,207.2999878,128.3220062,,,161140289,e7b17109-199c-4725-8d1d-5c4a46e7c436,2022-06-04T22:14:56,,,submitted_via_web,cortega27,,125
2022-06-04T17:14:45.032-05:00,2022-06-04T17:15:14.017-05:00,Vida natural,Otro,Punto,-11.898211 -77.038427 207.29998779296875 128.32200622558594,-11.898211,-77.038427,207.2999878,128.3220062,,,161140322,660ce433-ee2c-45a3-87ae-5757dbb39128,2022-06-04T22:15:25,,,submitted_via_web,cortega27,,126
2022-06-04T17:12:58.172-05:00,2022-06-04T17:16:29.607-05:00,Colegio Amautas,Otro,Punto,-11.891942 -77.041706 174.5772476196289 35,-11.891942,-77.041706,174.5772476,35,,,161140429,e120baa5-d1b5-44f3-9ac8-beccc28f31bb,2022-06-04T22:16:41,,,submitted_via_web,cortega27,,127
2022-06-04T17:15:14.117-05:00,2022-06-04T17:16:10.299-05:00,Vega,Mini-mercados,Punto,-11.896092 -77.037704 209.89999389648438 26.81599998474121,-11.896092,-77.037704,209.8999939,26.81599998,,,161140462,a2d7596e-bada-4b13-82f5-cfd461468f2c,2022-06-04T22:16:52,,,submitted_via_web,cortega27,,128
2022-06-04T17:16:10.419-05:00,2022-06-04T17:17:02.335-05:00,Brumar,Mini-mercados,Punto,-11.895612 -77.037502 210.09999084472656 111.46900177001953,-11.895612,-77.037502,210.0999908,111.4690018,,,161140537,1d8e3511-42cc-4654-bb1b-fc77c3e89e30,2022-06-04T22:17:13,,,submitted_via_web,cortega27,,129
2022-06-04T17:16:29.688-05:00,2022-06-04T17:17:28.248-05:00,SN,Bodegas,Punto,-11.891932 -77.041396 177.72180557250977 35,-11.891932,-77.041396,177.7218056,35,,,161140608,93c8a8fe-ae70-4444-a923-eb4df4ddd110,2022-06-04T22:17:38,,,submitted_via_web,cortega27,,130
2022-06-04T17:17:28.289-05:00,2022-06-04T17:17:50.784-05:00,Antojitos,Otro,Punto,-11.891973 -77.041468 151.3200798034668 35,-11.891973,-77.041468,151.3200798,35,,,161140649,27e43d1b-aa19-4c81-8d6e-d294d58c3977,2022-06-04T22:18:05,,,submitted_via_web,cortega27,,131
2022-06-04T17:17:02.426-05:00,2022-06-04T17:19:07.067-05:00,Network,Otro,Punto,-11.894489 -77.037261 212.1999969482422 24.95400047302246,-11.894489,-77.037261,212.1999969,24.95400047,,,161140718,3a401ac7-f581-44fb-ad85-cd14d39317c2,2022-06-04T22:19:18,,,submitted_via_web,cortega27,,132
2022-06-04T17:17:50.823-05:00,2022-06-04T17:19:14.416-05:00,Chinita Lu,Bodegas,Punto,-11.892293 -77.041187 179.4714012145996 62.17241831440627,-11.892293,-77.041187,179.4714012,62.17241831,,,161140726,c1fac02e-5479-4bf8-b325-336427ed0d50,2022-06-04T22:19:25,,,submitted_via_web,cortega27,,133
2022-06-04T17:19:07.158-05:00,2022-06-04T17:20:48.487-05:00,Samuel,Panaderias,Punto,-11.893561 -77.03805 211.59999084472656 7.017000198364258,-11.893561,-77.03805,211.5999908,7.017000198,,,161140873,477d2c16-51d5-4e9c-aefd-80f4837b1301,2022-06-04T22:21:00,,,submitted_via_web,cortega27,,134
2022-06-04T17:19:14.467-05:00,2022-06-04T17:21:18.148-05:00,D’Falu,Bodegas,Punto,-11.892016 -77.040514 181.3097105026245 46,-11.892016,-77.040514,181.3097105,46,,,161140944,6f95636b-f647-4733-ba67-e869f93b5677,2022-06-04T22:21:29,,,submitted_via_web,cortega27,,135
2022-06-04T17:21:18.247-05:00,2022-06-04T17:22:19.847-05:00,SN,Bodegas,Punto,-11.891748 -77.04046 181.75804138183594 35,-11.891748,-77.04046,181.7580414,35,,,161141041,06901524-dc0e-4755-85f9-bb8458a6b937,2022-06-04T22:22:31,,,submitted_via_web,cortega27,,136
2022-06-04T17:20:48.582-05:00,2022-06-04T17:22:29.507-05:00,Granjeros,Restaurantes,Punto,-11.893275 -77.038373 210.79998779296875 7.230000019073486,-11.893275,-77.038373,210.7999878,7.230000019,,,161141051,5a3f50ea-222b-400a-96ca-b57c9b0522ad,2022-06-04T22:22:40,,,submitted_via_web,cortega27,,137
2022-06-04T17:22:19.893-05:00,2022-06-04T17:28:53.672-05:00,Checalo’s market,Bodegas,Punto,-11.893383 -77.039869 182.4980926513672 35.42012355686351,-11.893383,-77.039869,182.4980927,35.42012356,,,161141531,8dfb7268-a99b-482a-83df-1a8a225ab3f1,2022-06-04T22:29:04,,,submitted_via_web,cortega27,,138
2022-06-04T17:28:53.781-05:00,2022-06-04T17:29:17.725-05:00,Santa Natura,Otro,Punto,-11.893394 -77.039935 172.65392398834229 54.0546184457341,-11.893394,-77.039935,172.653924,54.05461845,,,161141551,26c27393-c39b-4e6d-843e-4a048ebc527e,2022-06-04T22:29:23,,,submitted_via_web,cortega27,,139
2022-06-04T17:22:29.595-05:00,2022-06-04T17:32:02.045-05:00,Luam,Mini-mercados,Punto,-11.894567 -77.03947 208.6999969482422 13.553999900817871,-11.894567,-77.03947,208.6999969,13.5539999,,,161141738,e789004c-ac1f-4950-b80d-41272b30d6a9,2022-06-04T22:32:13,,,submitted_via_web,cortega27,,140
2022-06-04T17:32:02.165-05:00,2022-06-04T17:33:20.378-05:00,Panchos,Bodegas,Punto,-11.895193 -77.039136 209.89999389648438 17.165000915527344,-11.895193,-77.039136,209.8999939,17.16500092,,,161141895,39bc6498-dc13-45a5-a046-dca3cc8240fd,2022-06-04T22:33:31,,,submitted_via_web,cortega27,,141
2022-06-04T17:33:20.499-05:00,2022-06-04T17:33:49.865-05:00,Donofrio,Mini-mercados,Punto,-11.895882 -77.038788 209.89999389648438 15.805000305175781,-11.895882,-77.038788,209.8999939,15.80500031,,,161141909,925efff0-e093-430b-b10b-c9bd19ca60dd,2022-06-04T22:34:01,,,submitted_via_web,cortega27,,142
2022-06-04T17:33:49.990-05:00,2022-06-04T17:35:32.483-05:00,El naufrago,Bodegas,Punto,-11.896078 -77.038366 209.79998779296875 34.89799880981445,-11.896078,-77.038366,209.7999878,34.89799881,,,161141957,75b04386-be71-4599-9bf9-c5af0297affc,2022-06-04T22:35:44,,,submitted_via_web,cortega27,,143
2022-06-04T17:29:17.762-05:00,2022-06-04T17:35:52.287-05:00,SN,Bodegas,Punto,-11.893691 -77.041168 179.83155059814453 35,-11.893691,-77.041168,179.8315506,35,,,161141963,40d831f0-3de0-4bd2-84f6-1adad382b64e,2022-06-04T22:36:04,,,submitted_via_web,cortega27,,144
2022-06-04T17:35:52.381-05:00,2022-06-04T17:36:16.138-05:00,Ebenezer,Bodegas,Punto,-11.893353 -77.041519 179.82209396362305 35,-11.893353,-77.041519,179.822094,35,,,161141973,307efb40-27e1-4a13-9bd2-fb998a325699,2022-06-04T22:36:28,,,submitted_via_web,cortega27,,145
2022-06-04T17:35:32.588-05:00,2022-06-04T17:38:08.516-05:00,Bluray,Bodegas,Punto,-11.896165 -77.039449 208.6999969482422 15.756999969482422,-11.896165,-77.039449,208.6999969,15.75699997,,,161142077,00272086-3ce7-4c00-a454-cf1709282691,2022-06-04T22:38:20,,,submitted_via_web,cortega27,,146
2022-06-04T17:38:08.639-05:00,2022-06-04T17:39:46.343-05:00,Santa rosa,Bodegas,Punto,-11.895933 -77.04022 208.29998779296875 14.154000282287598,-11.895933,-77.04022,208.2999878,14.15400028,,,161142190,e5546d72-01d3-41df-bc3b-de53ded7e14a,2022-06-04T22:39:58,,,submitted_via_web,cortega27,,147
2022-06-04T17:39:46.448-05:00,2022-06-04T17:40:45.730-05:00,El canteñito,Bodegas,Punto,-11.895918 -77.040392 208.1999969482422 37.569000244140625,-11.895918,-77.040392,208.1999969,37.56900024,,,161142248,19fe2fe7-862d-452e-bf06-8a577747280e,2022-06-04T22:40:57,,,submitted_via_web,cortega27,,148
2022-06-04T17:40:45.827-05:00,2022-06-04T17:41:31.103-05:00,K & l,Restaurantes,Punto,-11.896184 -77.04024 208.09999084472656 23.400999069213867,-11.896184,-77.04024,208.0999908,23.40099907,,,161142275,8bf395bf-4074-4a77-9d3c-92809a26a6cf,2022-06-04T22:41:42,,,submitted_via_web,cortega27,,149
2022-06-04T17:41:31.202-05:00,2022-06-04T17:42:07.264-05:00,X,Mini-mercados,Punto,-11.896587 -77.040051 208 58.9379997253418,-11.896587,-77.040051,208,58.93799973,,,161142298,8d99d393-e78e-46ea-bb5d-b8c2173c1123,2022-06-04T22:42:18,,,submitted_via_web,cortega27,,150
2022-06-04T17:36:16.188-05:00,2022-06-04T17:41:52.909-05:00,Ladie’s pie,Ambulantes,Punto,-11.892731 -77.039068 183.41329383850098 35,-11.892731,-77.039068,183.4132938,35,,,161142323,9461c3f2-4406-4d67-9850-cf86b2043ab4,2022-06-04T22:43:20,,,submitted_via_web,cortega27,,151
2022-06-04T17:42:07.366-05:00,2022-06-04T17:43:19.174-05:00,El chotano,Mini-mercados,Punto,-11.89717 -77.039807 207.89999389648438 45.44499969482422,-11.89717,-77.039807,207.8999939,45.44499969,,,161142330,e9832467-b38b-4f29-9b1a-2a496a6c942b,2022-06-04T22:43:30,,,submitted_via_web,cortega27,,152
2022-06-04T17:43:19.267-05:00,2022-06-04T17:43:37.465-05:00,Jose,Bodegas,Punto,-11.897166 -77.039698 207.59999084472656 24.209999084472656,-11.897166,-77.039698,207.5999908,24.20999908,,,161142354,93804a1a-06de-440d-94ff-4a138a82dd7d,2022-06-04T22:43:48,,,submitted_via_web,cortega27,,153
2022-06-04T17:43:37.561-05:00,2022-06-04T17:44:03.591-05:00,El acuario,Restaurantes,Punto,-11.897323 -77.039749 207.89999389648438 105.90399932861328,-11.897323,-77.039749,207.8999939,105.9039993,,,161142401,792c4ad9-ba75-499b-901c-919d0fbe0bc2,2022-06-04T22:44:15,,,submitted_via_web,cortega27,,154
2022-06-04T17:44:03.683-05:00,2022-06-04T17:44:37.373-05:00,Chunga,Mini-mercados,Punto,-11.897787 -77.039512 207.59999084472656 41.26499938964844,-11.897787,-77.039512,207.5999908,41.26499939,,,161142457,ce310ba1-813a-4a24-8a20-a1d1705a23d7,2022-06-04T22:44:48,,,submitted_via_web,cortega27,,155
2022-06-04T17:41:53.009-05:00,2022-06-04T17:44:36.264-05:00,El patrón,Restaurantes,Punto,-11.892219 -77.039242 176.12001991271973 35,-11.892219,-77.039242,176.1200199,35,,,161142460,e7d3bef6-64d5-41a6-8e1b-4f0cb550c282,2022-06-04T22:44:51,,,submitted_via_web,cortega27,,156
2022-06-04T17:44:37.467-05:00,2022-06-04T17:45:08.654-05:00,El general,Bodegas,Punto,-11.897599 -77.03947 207.6999969482422 38.79899978637695,-11.897599,-77.03947,207.6999969,38.79899979,,,161142509,0945cb63-e66b-429e-9421-f502f902a209,2022-06-04T22:45:22,,,submitted_via_web,cortega27,,157
2022-06-04T17:44:36.327-05:00,2022-06-04T17:45:12.597-05:00,Tamberos,Restaurantes,Punto,-11.892264 -77.039346 183.33792781829834 35,-11.892264,-77.039346,183.3379278,35,,,161142511,10bb961e-050d-472b-8f3c-01cce7320f06,2022-06-04T22:45:23,,,submitted_via_web,cortega27,,158
2022-06-04T17:45:12.633-05:00,2022-06-04T17:45:57.910-05:00,Candelaria,Mini-mercados,Punto,-11.891973 -77.039625 183.59615898132324 35,-11.891973,-77.039625,183.596159,35,,,161142588,a484e25d-4c27-4702-97ec-32b391a069c5,2022-06-04T22:46:08,,,submitted_via_web,cortega27,,159
2022-06-04T17:45:08.758-05:00,2022-06-04T17:46:19.461-05:00,San fransisco,Mini-mercados,Punto,-11.897599 -77.03947 207.6999969482422 38.79899978637695,-11.897599,-77.03947,207.6999969,38.79899979,,,161142613,6dcae9da-f096-4ff7-82c6-446e331a951b,2022-06-04T22:46:30,,,submitted_via_web,cortega27,,160
2022-06-04T17:46:19.579-05:00,2022-06-04T17:46:48.900-05:00,El tarmeñito,Mini-mercados,Punto,-11.897927 -77.039391 207.59999084472656 31.458999633789062,-11.897927,-77.039391,207.5999908,31.45899963,,,161142635,590006af-a8f6-4d30-bae6-f3da89988024,2022-06-04T22:46:59,,,submitted_via_web,cortega27,,161
2022-06-04T17:46:48.990-05:00,2022-06-04T17:47:07.651-05:00,Liz,Mini-mercados,Punto,-11.898022 -77.039462 207.59999084472656 39.77199935913086,-11.898022,-77.039462,207.5999908,39.77199936,,,161142663,8625278c-9e40-4bd7-ae10-cb50f6955716,2022-06-04T22:47:50,,,submitted_via_web,cortega27,,162
2022-06-04T17:47:07.764-05:00,2022-06-04T17:47:38.865-05:00,Freddy,Mini-mercados,Punto,-11.898067 -77.039614 207.1999969482422 21.854999542236328,-11.898067,-77.039614,207.1999969,21.85499954,,,161142821,ba362a90-3a26-44b9-ab2b-a9cf38a219e4,2022-06-04T22:49:24,,,submitted_via_web,cortega27,,163
2022-06-04T17:47:38.979-05:00,2022-06-04T17:49:12.985-05:00,Jhoel,Bodegas,Punto,-11.898167 -77.039898 205.89999389648438 15.180000305175781,-11.898167,-77.039898,205.8999939,15.18000031,,,161142823,e62c45b2-1e9c-4517-8e4e-10ecc7c3e699,2022-06-04T22:49:24,,,submitted_via_web,cortega27,,164
2022-06-04T17:49:13.083-05:00,2022-06-04T17:49:40.629-05:00,La económica union,Mercados ,Punto,-11.898174 -77.039974 205.79998779296875 45.145999908447266,-11.898174,-77.039974,205.7999878,45.14599991,,,161142877,7cac39da-630c-4b80-8e07-c2c2d37ecf57,2022-06-04T22:49:51,,,submitted_via_web,cortega27,,165
2022-06-04T17:45:57.964-05:00,2022-06-04T17:49:56.979-05:00,Cevicheria Antojitos,Restaurantes,Punto,-11.891465 -77.039986 183.16759300231934 8.001208273680877,-11.891465,-77.039986,183.167593,8.001208274,,,161142889,3a3b7805-54d3-4435-9623-ce6329d37021,2022-06-04T22:50:07,,,submitted_via_web,cortega27,,166
2022-06-04T17:49:40.749-05:00,2022-06-04T17:50:06.799-05:00,Sabor peruano,Restaurantes,Punto,-11.898059 -77.040129 205.6999969482422 37.172000885009766,-11.898059,-77.040129,205.6999969,37.17200089,,,161142895,36c096d5-2602-4e0d-86fd-7fe1611dfcd4,2022-06-04T22:50:17,,,submitted_via_web,cortega27,,167
2022-06-04T17:49:57.054-05:00,2022-06-04T17:50:22.549-05:00,SN,Bodegas,Punto,-11.891787 -77.03981 181.69841957092285 36.040681884379104,-11.891787,-77.03981,181.6984196,36.04068188,,,161142901,2fadc4f4-4352-4d7a-88f0-870f77cb0196,2022-06-04T22:50:33,,,submitted_via_web,cortega27,,168
2022-06-04T17:50:22.603-05:00,2022-06-04T17:50:54.618-05:00,Come rico,Ambulantes,Punto,-11.891958 -77.039732 183.3122844696045 60.5218016761471,-11.891958,-77.039732,183.3122845,60.52180168,,,161142947,4897a268-773f-4cdd-9261-6bb63f60edca,2022-06-04T22:51:05,,,submitted_via_web,cortega27,,169
2022-06-04T17:50:06.887-05:00,2022-06-04T17:51:05.871-05:00,Union,Bodegas,Punto,-11.897924 -77.040213 205.6999969482422 23.18400001525879,-11.897924,-77.040213,205.6999969,23.18400002,,,161142959,b1e9a681-0e20-4d25-b0cf-81af47b3712a,2022-06-04T22:51:16,,,submitted_via_web,cortega27,,170
2022-06-04T17:51:05.991-05:00,2022-06-04T17:51:42.120-05:00,La tiendita,Bodegas,Punto,-11.897924 -77.040213 205.6999969482422 23.18400001525879,-11.897924,-77.040213,205.6999969,23.18400002,,,161142993,0e0e0a19-9138-4635-b118-b0b34ed0268c,2022-06-04T22:51:53,,,submitted_via_web,cortega27,,171
2022-06-04T17:50:54.659-05:00,2022-06-04T17:51:18.663-05:00,SN,Bodegas,Punto,-11.891495 -77.040177 183.22593212127686 40,-11.891495,-77.040177,183.2259321,40,,,161143003,1ead88c6-b89c-4432-9fc6-c907e90f8711,2022-06-04T22:52:07,,,submitted_via_web,cortega27,,172
2022-06-04T17:51:42.219-05:00,2022-06-04T17:54:01.021-05:00,Punto oficial,Mini-mercados,Punto,-11.897764 -77.040681 205.39999389648438 35.65700149536133,-11.897764,-77.040681,205.3999939,35.6570015,,,161143068,e6f26b3d-4abf-43fa-8709-8fa24d51134e,2022-06-04T22:54:12,,,submitted_via_web,cortega27,,173
2022-06-04T17:51:18.699-05:00,2022-06-04T17:54:27.756-05:00,Picarones,Ambulantes,Punto,-11.890302 -77.041341 182.2522201538086 35,-11.890302,-77.041341,182.2522202,35,,,161143077,5a4cc209-7aa3-4ad3-91ce-c29524c29fd1,2022-06-04T22:54:40,,,submitted_via_web,cortega27,,174
2022-06-04T17:54:01.122-05:00,2022-06-04T17:55:30.888-05:00,Twin 1,Bodegas,Punto,-11.898463 -77.040841 204.89999389648438 32.722999572753906,-11.898463,-77.040841,204.8999939,32.72299957,,,161143122,6368759a-d367-42e1-87dc-a40f967f9087,2022-06-04T22:55:42,,,submitted_via_web,cortega27,,175
2022-06-04T17:55:30.979-05:00,2022-06-04T17:56:34.357-05:00,Anita,Mini-mercados,Punto,-11.898567 -77.040381 204.6999969482422 35.05500030517578,-11.898567,-77.040381,204.6999969,35.05500031,,,161143160,1eb8b007-3c29-4a60-b6db-94f0ac22a1ba,2022-06-04T22:56:46,,,submitted_via_web,cortega27,,176
2022-06-04T17:54:27.826-05:00,2022-06-04T17:55:17.698-05:00,La quinta palabra,Restaurantes,Punto,-11.890262 -77.041458 182.93057346343994 35.97771092996167,-11.890262,-77.041458,182.9305735,35.97771093,,,161143264,cff14854-3c4d-4d51-9d2f-c788fd537a5c,2022-06-04T22:59:59,,,submitted_via_web,cortega27,,177
2022-06-04T17:55:17.764-05:00,2022-06-04T18:00:12.318-05:00,SN,Bodegas,Punto,-11.890394 -77.041414 182.70419597625732 42,-11.890394,-77.041414,182.704196,42,,,161143293,0baa8016-a5bf-489c-bf69-14999b9b4535,2022-06-04T23:00:37,,,submitted_via_web,cortega27,,178
2022-06-04T18:00:12.370-05:00,2022-06-04T18:00:55.871-05:00,SN,Bodegas,Punto,-11.888426 -77.042002 175.86221885681152 62.94368800835463,-11.888426,-77.042002,175.8622189,62.94368801,,,161143324,bad5e66e-b933-463a-a003-093a08c2967d,2022-06-04T23:01:06,,,submitted_via_web,cortega27,,179
2022-06-04T17:56:34.462-05:00,2022-06-04T18:01:57.286-05:00,Jogger,Bodegas,Punto,-11.897677 -77.041564 205 42.00299835205078,-11.897677,-77.041564,205,42.00299835,,,161143382,3a0ae3ae-536f-4f4c-b1e2-fa566dd3475c,2022-06-04T23:02:08,,,submitted_via_web,cortega27,,180
2022-06-04T18:01:57.404-05:00,2022-06-04T18:02:36.386-05:00,La gordita,Bodegas,Punto,-11.897066 -77.041636 205.59999084472656 16.829999923706055,-11.897066,-77.041636,205.5999908,16.82999992,,,161143403,237ac58d-7107-42c9-9363-21195bcd3488,2022-06-04T23:02:47,,,submitted_via_web,cortega27,,181
2022-06-04T18:00:55.934-05:00,2022-06-04T18:03:13.441-05:00,La esquina,Restaurantes,Punto,-11.889635 -77.041411 182.96047846984865 12.001812410521316,-11.889635,-77.041411,182.9604785,12.00181241,,,161143434,f2b918ad-3614-45ef-868c-eee9090eeb90,2022-06-04T23:03:24,,,submitted_via_web,cortega27,,182
2022-06-04T18:03:13.518-05:00,2022-06-04T18:03:38.518-05:00,Market Avícola Rous,Otro,Punto,-11.889765 -77.0415 174.0584011077881 35,-11.889765,-77.0415,174.0584011,35,,,161143469,c8189a1c-18c1-4bc2-83e7-9cc8b9f84282,2022-06-04T23:03:49,,,submitted_via_web,cortega27,,183
2022-06-04T18:02:36.477-05:00,2022-06-04T18:05:06.676-05:00,Zambito,Bodegas,Punto,-11.896806 -77.041436 206 26.31800079345703,-11.896806,-77.041436,206,26.31800079,,,161143526,cb2d3920-e45c-4ae1-ae15-523510f8f38d,2022-06-04T23:05:18,,,submitted_via_web,cortega27,,184
2022-06-04T18:03:38.556-05:00,2022-06-04T18:04:32.254-05:00,Panadería de Edith,Panaderias,Punto,-11.889768 -77.041502 183.78075218200684 35,-11.889768,-77.041502,183.7807522,35,,,161143548,e0bfdb9e-c5da-4e56-9ea5-40ce32876d01,2022-06-04T23:05:48,,,submitted_via_web,cortega27,,185
2022-06-04T18:05:06.788-05:00,2022-06-04T18:06:07.217-05:00,Pastrana,Bodegas,Punto,-11.896133 -77.042203 202.5 40.15800094604492,-11.896133,-77.042203,202.5,40.15800095,,,161143570,bf43cf14-6788-4300-b9be-07f30f169c40,2022-06-04T23:06:18,,,submitted_via_web,cortega27,,186
2022-06-04T18:04:32.293-05:00,2022-06-04T18:06:14.393-05:00,SN,Ambulantes,Punto,-11.888948 -77.04077 185.23449420928955 35,-11.888948,-77.04077,185.2344942,35,,,161143577,1362b081-6e9a-4b40-a958-b715a5739db0,2022-06-04T23:06:25,,,submitted_via_web,cortega27,,187
2022-06-04T18:06:14.450-05:00,2022-06-04T18:07:09.343-05:00,SN,Bodegas,Punto,-11.888366 -77.041217 184.0606918334961 40,-11.888366,-77.041217,184.0606918,40,,,161143605,e61d2a01-f31e-491a-ae22-a595b1b7a9b9,2022-06-04T23:07:19,,,submitted_via_web,cortega27,,188
2022-06-04T18:07:09.452-05:00,2022-06-04T18:07:48.703-05:00,SN,Bodegas,Punto,-11.888425 -77.041291 176.1872205734253 40,-11.888425,-77.041291,176.1872206,40,,,161143649,a304a722-1e7a-4212-96be-ab3b73f02a65,2022-06-04T23:09:39,,,submitted_via_web,cortega27,,189
2022-06-04T18:07:48.750-05:00,2022-06-04T18:10:05.562-05:00,SN,Bodegas,Punto,-11.887626 -77.040865 152.71621990203857 40,-11.887626,-77.040865,152.7162199,40,,,161143676,b56fae26-8e1a-404b-85ae-95a5ceb6e3c5,2022-06-04T23:11:06,,,submitted_via_web,cortega27,,190
2022-06-04T18:10:05.633-05:00,2022-06-04T18:11:25.501-05:00,SN,Bodegas,Punto,-11.887322 -77.04021 152.71849250793457 44.513354143559994,-11.887322,-77.04021,152.7184925,44.51335414,,,161143689,675fdf1d-0aeb-4e4b-92de-c11adf9617cc,2022-06-04T23:11:36,,,submitted_via_web,cortega27,,191
2022-06-04T18:06:07.368-05:00,2022-06-04T18:15:51.502-05:00,La cachanga,Restaurantes,Punto,-11.892117 -77.03873 210.39999389648438 14.895000457763672,-11.892117,-77.03873,210.3999939,14.89500046,,,161144041,5d328259-926a-4ed0-82c0-0a2cb72f1a28,2022-06-04T23:16:02,,,submitted_via_web,cortega27,,192
2022-06-04T18:15:51.604-05:00,2022-06-04T18:16:53.350-05:00,Fusión callejera,Restaurantes,Punto,-11.892113 -77.038725 210.5 19.746999740600586,-11.892113,-77.038725,210.5,19.74699974,,,161144100,3dd293f5-fe06-4d7c-940d-83fbed25901d,2022-06-04T23:17:04,,,submitted_via_web,cortega27,,193
2022-06-04T18:16:53.441-05:00,2022-06-04T18:17:19.743-05:00,La china,Panaderias,Punto,-11.891738 -77.038304 211 15.538000106811523,-11.891738,-77.038304,211,15.53800011,,,161144127,c3fc6871-9190-4dda-be6e-051e59111657,2022-06-04T23:17:31,,,submitted_via_web,cortega27,,194
2022-06-04T18:17:19.825-05:00,2022-06-04T18:18:32.067-05:00,Cool,Bodegas,Punto,-11.891587 -77.038138 211.1999969482422 16.452999114990234,-11.891587,-77.038138,211.1999969,16.45299911,,,161144204,ad079b30-9d60-4df2-a8d1-d222d3743a4d,2022-06-04T23:18:43,,,submitted_via_web,cortega27,,195
2022-06-04T18:11:25.566-05:00,2022-06-04T18:15:15.197-05:00,SN,Bodegas,Punto,-11.888795 -77.040762 177.85807037353516 35,-11.888795,-77.040762,177.8580704,35,,,161144211,980a6ef0-7b69-4659-bd2b-23f2771f62a5,2022-06-04T23:18:50,,,submitted_via_web,cortega27,,196
2022-06-04T18:18:32.188-05:00,2022-06-04T18:18:51.783-05:00,Mass,Mini-mercados,Punto,-11.890997 -77.037732 211.59999084472656 26.09600067138672,-11.890997,-77.037732,211.5999908,26.09600067,,,161144220,316e9448-51b8-4765-a9a8-5c4b8a6728b2,2022-06-04T23:19:02,,,submitted_via_web,cortega27,,197
2022-06-04T18:18:51.895-05:00,2022-06-04T18:19:11.020-05:00,Waspi,Restaurantes,Punto,-11.890997 -77.037732 211.59999084472656 26.09600067138672,-11.890997,-77.037732,211.5999908,26.09600067,,,161144242,f134e0aa-cbef-462b-ba84-7c0b2abd7759,2022-06-04T23:19:22,,,submitted_via_web,cortega27,,198
2022-06-04T18:15:15.290-05:00,2022-06-04T18:19:11.894-05:00,SN,Bodegas,Punto,-11.88877 -77.040809 177.85704612731934 64.24078300067596,-11.88877,-77.040809,177.8570461,64.240783,,,161144243,801179ba-89e4-4266-b54e-cbc859108de2,2022-06-04T23:19:22,,,submitted_via_web,cortega27,,199
2022-06-04T18:19:11.119-05:00,2022-06-04T18:19:48.358-05:00,El sazón de la leña,Restaurantes,Punto,-11.89092 -77.037754 212 36.5359992980957,-11.89092,-77.037754,212,36.5359993,,,161144302,e5b5b836-8ef5-4e79-9298-ad925e1e1e61,2022-06-04T23:19:59,,,submitted_via_web,cortega27,,200
2022-06-04T18:19:11.950-05:00,2022-06-04T18:20:18.450-05:00,Minimarket 8A,Mini-mercados,Punto,-11.890527 -77.039507 197.1469268798828 40,-11.890527,-77.039507,197.1469269,40,,,161144312,b2375d90-4f7f-4eaf-9602-cff6b0d19319,2022-06-04T23:20:29,,,submitted_via_web,cortega27,,201
2022-06-04T18:20:18.519-05:00,2022-06-04T18:21:01.507-05:00,La carpa marina,Restaurantes,Punto,-11.890292 -77.039265 175.58839988708496 35,-11.890292,-77.039265,175.5883999,35,,,161144329,8f5d6e8e-4b48-4e9b-87fc-70c3d1883143,2022-06-04T23:21:12,,,submitted_via_web,cortega27,,202
2022-06-04T18:19:48.468-05:00,2022-06-04T18:21:00.537-05:00,D&j,Bodegas,Punto,-11.890789 -77.037578 211.89999389648438 246.2989959716797,-11.890789,-77.037578,211.8999939,246.298996,,,161144330,8ffd9466-e8c4-46c9-b89f-4e39c9c0ded5,2022-06-04T23:21:12,,,submitted_via_web,cortega27,,203
2022-06-04T18:21:01.553-05:00,2022-06-04T18:21:25.650-05:00,Bodega Villa,Bodegas,Punto,-11.89023 -77.039386 164.92841911315918 35,-11.89023,-77.039386,164.9284191,35,,,161144345,233de49b-b873-4e14-a747-09bc0f236c16,2022-06-04T23:21:40,,,submitted_via_web,cortega27,,204
2022-06-04T18:21:00.643-05:00,2022-06-04T18:21:26.358-05:00,Marios,Restaurantes,Punto,-11.890462 -77.037485 212.6999969482422 28.413000106811523,-11.890462,-77.037485,212.6999969,28.41300011,,,161144347,e1db665d-2266-4a5f-a542-7d3ba039ca7a,2022-06-04T23:21:40,,,submitted_via_web,cortega27,,205
2022-06-04T18:21:25.690-05:00,2022-06-04T18:21:52.874-05:00,SN,Bodegas,Punto,-11.889791 -77.03919 172.0674991607666 35,-11.889791,-77.03919,172.0674992,35,,,161144356,9a1e3cf3-8f5d-4362-8580-b1e2dbb2bb38,2022-06-04T23:22:03,,,submitted_via_web,cortega27,,206
2022-06-04T18:21:26.448-05:00,2022-06-04T18:23:52.483-05:00,Marco,Bodegas,Punto,-11.889896 -77.037507 213.09999084472656 16.260000228881836,-11.889896,-77.037507,213.0999908,16.26000023,,,161144397,71f4f31a-48dc-4033-8b53-a42831ff2784,2022-06-04T23:24:04,,,submitted_via_web,cortega27,,207
2022-06-04T18:21:52.941-05:00,2022-06-04T18:23:58.803-05:00,SN,Bodegas,Punto,-11.8897 -77.039145 184.20223426818848 35,-11.8897,-77.039145,184.2022343,35,,,161144399,664c4f69-3fb9-46ff-b6b9-e21716660ff4,2022-06-04T23:24:10,,,submitted_via_web,cortega27,,208
2022-06-04T18:23:58.899-05:00,2022-06-04T18:24:33.209-05:00,SN,Bodegas,Punto,-11.888766 -77.038824 176.64502906799316 35,-11.888766,-77.038824,176.6450291,35,,,161144420,4f6d06f8-8d63-458a-a7eb-b061804678ef,2022-06-04T23:24:43,,,submitted_via_web,cortega27,,209
2022-06-04T18:23:52.587-05:00,2022-06-04T18:25:51.902-05:00,El colarao,Restaurantes,Punto,-11.8899 -77.037548 213.09999084472656 18.533000946044922,-11.8899,-77.037548,213.0999908,18.53300095,,,161144533,b0f7c91b-dd38-4a4d-a98c-210ca3b7f2ad,2022-06-04T23:26:03,,,submitted_via_web,cortega27,,210
2022-06-04T18:25:51.997-05:00,2022-06-04T18:27:29.461-05:00,Maricielo,Bodegas,Punto,-11.889342 -77.037447 213.6999969482422 11.670000076293945,-11.889342,-77.037447,213.6999969,11.67000008,,,161144573,fe359cf7-05fd-44da-8287-4337df5b2c83,2022-06-04T23:27:40,,,submitted_via_web,cortega27,,211
2022-06-04T18:24:33.254-05:00,2022-06-04T18:27:02.674-05:00,El Haití que de Mau,Bodegas,Punto,-11.888739 -77.038859 185.32744121551514 35,-11.888739,-77.038859,185.3274412,35,,,161144612,f8c2d038-ddb7-4f7c-933f-84969789cd1e,2022-06-04T23:28:54,,,submitted_via_web,cortega27,,212
2022-06-04T18:27:02.720-05:00,2022-06-04T18:29:08.225-05:00,Tavitos,Bodegas,Punto,-11.888982 -77.038332 188.5915403366089 54.25678204368386,-11.888982,-77.038332,188.5915403,54.25678204,,,161144872,63855a82-bd1b-4274-b2ac-144248d24b40,2022-06-04T23:32:47,,,submitted_via_web,cortega27,,213
2022-06-04T18:29:08.303-05:00,2022-06-04T18:33:25.257-05:00,La R-30 Jugueria Fuente de Soda,Otro,Punto,-11.890879 -77.039893 184.22193717956543 39.663819859978524,-11.890879,-77.039893,184.2219372,39.66381986,,,161144901,b1eab2e6-04fb-4ef1-836e-ae78a165fc4a,2022-06-04T23:33:35,,,submitted_via_web,cortega27,,214
2022-06-04T18:27:29.579-05:00,2022-06-04T18:33:30.446-05:00,Rocio,Bodegas,Punto,-11.889166 -77.037645 213.6999969482422 30.461000442504883,-11.889166,-77.037645,213.6999969,30.46100044,,,161144904,e185ae8e-a9a1-4225-85b2-4af579902147,2022-06-04T23:33:42,,,submitted_via_web,cortega27,,215